{"cameraMode":{"drawMode":0,"name":"Shaded","section":"Shading Mode"},"sceneLighting":false,"audioPlay":false,"sceneViewState":{"m_AlwaysRefresh":false,"showFog":true,"showSkybox":false,"showFlares":true,"showImageEffects":true,"showParticleSystems":true,"showVisualEffectGraphs":true,"m_FxEnabled":true},"in2DMode":false,"pivot":{"x":0.000446319580078125,"y":0.0004222393035888672,"z":-0.00044035911560058594},"rotation":{"x":-0.21876010298728944,"y":-0.6020092368125916,"z":0.17617776989936829,"w":-0.7474732995033264},"size":8.964300155639649,"orthographic":false}