{"cameraMode":{"drawMode":0,"name":"Shaded","section":"Shading Mode"},"sceneLighting":false,"audioPlay":false,"sceneViewState":{"m_AlwaysRefresh":false,"showFog":true,"showSkybox":false,"showFlares":true,"showImageEffects":true,"showParticleSystems":true,"showVisualEffectGraphs":true,"m_FxEnabled":true},"in2DMode":false,"pivot":{"x":-671.858154296875,"y":67.23616790771485,"z":350.3736572265625},"rotation":{"x":-0.00039449406904168427,"y":-0.9550299644470215,"z":0.2966809570789337,"w":-0.0011163317831233144},"size":30.054340362548829,"orthographic":false}