{"cameraMode":{"drawMode":0,"name":"Shaded","section":"Shading Mode"},"sceneLighting":false,"audioPlay":false,"sceneViewState":{"m_AlwaysRefresh":false,"showFog":true,"showSkybox":false,"showFlares":true,"showImageEffects":true,"showParticleSystems":true,"showVisualEffectGraphs":true,"m_FxEnabled":true},"in2DMode":false,"pivot":{"x":11.227392196655274,"y":11.292139053344727,"z":16.372333526611329},"rotation":{"x":0.013418901711702347,"y":-0.9479294419288635,"z":0.3155144453048706,"w":0.04042123258113861},"size":2.338268518447876,"orthographic":false}