{"cameraMode":{"drawMode":0,"name":"Shaded","section":"Shading Mode"},"sceneLighting":false,"audioPlay":false,"sceneViewState":{"m_AlwaysRefresh":false,"showFog":true,"showSkybox":false,"showFlares":true,"showImageEffects":true,"showParticleSystems":true,"showVisualEffectGraphs":true,"m_FxEnabled":true},"in2DMode":false,"pivot":{"x":-0.0027871131896972658,"y":2.1842966079711916,"z":0.0031741857528686525},"rotation":{"x":0.11834245175123215,"y":0.8776333928108215,"z":-0.3703307807445526,"w":0.2804497182369232},"size":1.2151222229003907,"orthographic":true}