{"cameraMode":{"drawMode":0,"name":"Shaded","section":"Shading Mode"},"sceneLighting":true,"audioPlay":false,"sceneViewState":{"m_AlwaysRefresh":false,"showFog":true,"showSkybox":true,"showFlares":true,"showImageEffects":true,"showParticleSystems":true,"showVisualEffectGraphs":true,"m_FxEnabled":true},"in2DMode":false,"pivot":{"x":-665.912841796875,"y":5.5825629234313969,"z":353.86151123046877},"rotation":{"x":-0.0007684333249926567,"y":-0.9896875023841858,"z":0.1435166746377945,"w":-0.005031371954828501},"size":5.843264102935791,"orthographic":false}