{"cameraMode":{"drawMode":0,"name":"Shaded","section":"Shading Mode"},"sceneLighting":true,"audioPlay":false,"sceneViewState":{"m_AlwaysRefresh":false,"showFog":true,"showSkybox":true,"showFlares":true,"showImageEffects":true,"showParticleSystems":true,"showVisualEffectGraphs":true,"m_FxEnabled":true},"in2DMode":false,"pivot":{"x":-667.8333129882813,"y":11.562580108642579,"z":360.83917236328127},"rotation":{"x":-0.0017707276856526733,"y":-0.9606625437736511,"z":0.00605585053563118,"w":-0.2776912748813629},"size":8.54232406616211,"orthographic":false}