{"cameraMode":{"drawMode":0,"name":"Shaded","section":"Shading Mode"},"sceneLighting":true,"audioPlay":false,"sceneViewState":{"m_AlwaysRefresh":false,"showFog":true,"showSkybox":true,"showFlares":true,"showImageEffects":true,"showParticleSystems":true,"showVisualEffectGraphs":true,"m_FxEnabled":true},"in2DMode":false,"pivot":{"x":-677.0887451171875,"y":8.404685974121094,"z":384.75347900390627},"rotation":{"x":-0.035886071622371677,"y":-0.41285040974617007,"z":0.016015710309147836,"w":-0.9101457595825195},"size":18.05321502685547,"orthographic":true}