{"cameraMode":{"drawMode":0,"name":"Shaded","section":"Shading Mode"},"sceneLighting":true,"audioPlay":false,"sceneViewState":{"m_AlwaysRefresh":false,"showFog":true,"showSkybox":true,"showFlares":true,"showImageEffects":true,"showParticleSystems":true,"showVisualEffectGraphs":true,"m_FxEnabled":true},"in2DMode":false,"pivot":{"x":-1.4148045778274537,"y":0.7914465665817261,"z":-0.012052059173583985},"rotation":{"x":0.010203281417489052,"y":0.01066146045923233,"z":-0.0001201728664455004,"w":-1.0000667572021485},"size":6.020659923553467,"orthographic":true}