{"cameraMode":{"drawMode":0,"name":"Shaded","section":"Shading Mode"},"sceneLighting":false,"audioPlay":false,"sceneViewState":{"m_AlwaysRefresh":false,"showFog":true,"showSkybox":false,"showFlares":true,"showImageEffects":true,"showParticleSystems":true,"showVisualEffectGraphs":true,"m_FxEnabled":true},"in2DMode":false,"pivot":{"x":-1.1925756931304932,"y":0.49988555908203127,"z":10.957201957702637},"rotation":{"x":-0.21876010298728944,"y":-0.6020092368125916,"z":0.17617776989936829,"w":-0.7474732995033264},"size":9.066545486450196,"orthographic":false}