{"cameraMode":{"drawMode":0,"name":"Shaded","section":"Shading Mode"},"sceneLighting":false,"audioPlay":false,"sceneViewState":{"m_AlwaysRefresh":false,"showFog":true,"showSkybox":false,"showFlares":true,"showImageEffects":true,"showParticleSystems":true,"showVisualEffectGraphs":true,"m_FxEnabled":true},"in2DMode":false,"pivot":{"x":0.001560211181640625,"y":2.0015602111816408,"z":4.924278259277344},"rotation":{"x":-0.21876010298728944,"y":-0.6020092368125916,"z":0.17617776989936829,"w":-0.7474732995033264},"size":43.898006439208987,"orthographic":false}