{"cameraMode":{"drawMode":0,"name":"Shaded","section":"Shading Mode"},"sceneLighting":false,"audioPlay":false,"sceneViewState":{"m_AlwaysRefresh":false,"showFog":true,"showSkybox":false,"showFlares":true,"showImageEffects":true,"showParticleSystems":true,"showVisualEffectGraphs":true,"m_FxEnabled":true},"in2DMode":false,"pivot":{"x":0.006056308746337891,"y":3.5762786865234377e-7,"z":0.5692833065986633},"rotation":{"x":0.17012463510036469,"y":0.6475192904472351,"z":-0.1514825075864792,"w":0.727207362651825},"size":1.5924603939056397,"orthographic":false}