{"cameraMode":{"drawMode":0,"name":"Shaded","section":"Shading Mode"},"sceneLighting":false,"audioPlay":false,"sceneViewState":{"m_AlwaysRefresh":false,"showFog":true,"showSkybox":false,"showFlares":true,"showImageEffects":true,"showParticleSystems":true,"showVisualEffectGraphs":true,"m_FxEnabled":true},"in2DMode":false,"pivot":{"x":0.30353009700775149,"y":-0.28882408142089846,"z":0.14770615100860597},"rotation":{"x":0.11834245175123215,"y":0.8776333928108215,"z":-0.3703307807445526,"w":0.2804497182369232},"size":4.485893726348877,"orthographic":true}