{"cameraMode":{"drawMode":0,"name":"Shaded","section":"Shading Mode"},"sceneLighting":false,"audioPlay":false,"sceneViewState":{"m_AlwaysRefresh":false,"showFog":true,"showSkybox":false,"showFlares":true,"showImageEffects":true,"showParticleSystems":true,"showVisualEffectGraphs":true,"m_FxEnabled":true},"in2DMode":false,"pivot":{"x":-0.3794940412044525,"y":-5.960464477539063e-8,"z":0.11514249444007874},"rotation":{"x":0.10421283543109894,"y":0.8849145174026489,"z":-0.3859900236129761,"w":0.23891517519950868},"size":2.6303181648254396,"orthographic":false}