{"cameraMode":{"drawMode":0,"name":"Shaded","section":"Shading Mode"},"sceneLighting":false,"audioPlay":false,"sceneViewState":{"m_AlwaysRefresh":false,"showFog":true,"showSkybox":false,"showFlares":true,"showImageEffects":true,"showParticleSystems":true,"showVisualEffectGraphs":true,"m_FxEnabled":true},"in2DMode":false,"pivot":{"x":0.0011129975318908692,"y":1.0074275732040406,"z":0.03520476818084717},"rotation":{"x":0.009097456000745297,"y":0.9908915162086487,"z":-0.09722909331321717,"w":0.09272018820047379},"size":1.3296229839324952,"orthographic":false}