{"cameraMode":{"drawMode":0,"name":"Shaded","section":"Shading Mode"},"sceneLighting":false,"audioPlay":false,"sceneViewState":{"m_AlwaysRefresh":false,"showFog":true,"showSkybox":false,"showFlares":true,"showImageEffects":true,"showParticleSystems":true,"showVisualEffectGraphs":true,"m_FxEnabled":true},"in2DMode":false,"pivot":{"x":-0.06951570510864258,"y":0.017086878418922426,"z":-0.04970851540565491},"rotation":{"x":0.009097456000745297,"y":0.9908915162086487,"z":-0.09722909331321717,"w":0.09272018820047379},"size":0.20098793506622315,"orthographic":false}