{"cameraMode":{"drawMode":0,"name":"Shaded","section":"Shading Mode"},"sceneLighting":false,"audioPlay":false,"sceneViewState":{"m_AlwaysRefresh":false,"showFog":true,"showSkybox":false,"showFlares":true,"showImageEffects":true,"showParticleSystems":true,"showVisualEffectGraphs":true,"m_FxEnabled":true},"in2DMode":false,"pivot":{"x":-0.2729945182800293,"y":-0.11350131034851074,"z":-0.04790997505187988},"rotation":{"x":0.11834245175123215,"y":0.8776333928108215,"z":-0.3703307807445526,"w":0.2804497182369232},"size":4.034005165100098,"orthographic":true}